343,SKU009955,2018/4/13 13:33:46,
685,SKU011620,2018/4/13 13:33:46,
689,SKU011794,2018/4/13 13:33:46,
757,SKU013213,2018/4/13 13:33:46,
758,SKU013213,2018/4/13 13:33:46,
759,SKU013213,2018/4/13 13:33:46,
760,SKU013213,2018/4/13 13:33:46,
761,SKU013213,2018/4/13 13:33:46,
762,SKU013213,2018/4/13 13:33:46,
763,SKU013213,2018/4/13 13:33:46,
764,SKU013213,2018/4/13 13:33:46,
765,SKU013213,2018/4/13 13:33:46,
766,SKU013213,2018/4/13 13:33:46,
769,SKU013537,2018/4/13 13:33:46,
770,SKU013537,2018/4/13 13:33:46,
771,SKU013537,2018/4/13 13:33:46,
772,SKU013537,2018/4/13 13:33:46,
773,SKU013537,2018/4/13 13:33:46,
774,SKU013537,2018/4/13 13:33:46,
775,SKU013625,2018/4/13 13:33:46,
776,SKU013625,2018/4/13 13:33:46,
777,SKU013625,2018/4/13 13:33:46,
778,SKU013625,2018/4/13 13:33:46,
779,SKU013625,2018/4/13 13:33:46,
780,SKU013625,2018/4/13 13:33:46,
781,SKU013625,2018/4/13 13:33:46,
782,SKU013625,2018/4/13 13:33:46,
796,SKU013932,2018/4/13 13:33:46,
797,SKU013932,2018/4/13 13:33:46,
798,SKU013932,2018/4/13 13:33:46,
799,SKU013932,2018/4/13 13:33:46,
800,SKU013932,2018/4/13 13:33:46,
801,SKU013932,2018/4/13 13:33:46,
802,SKU013932,2018/4/13 13:33:46,
803,SKU013975,2018/4/13 13:33:46,
804,SKU013975,2018/4/13 13:33:46,
805,SKU013975,2018/4/13 13:33:46,
819,SKU014254,2018/4/13 13:33:46,
964,SKU015370,2018/4/13 13:33:46,
965,SKU015370,2018/4/13 13:33:46,
966,SKU015370,2018/4/13 13:33:46,
967,SKU015370,2018/4/13 13:33:46,
968,SKU015370,2018/4/13 13:33:46,
969,SKU015370,2018/4/13 13:33:46,
970,SKU015370,2018/4/13 13:33:46,
971,SKU015370,2018/4/13 13:33:46,
972,SKU015370,2018/4/13 13:33:46,
973,SKU015370,2018/4/13 13:33:46,
974,SKU015370,2018/4/13 13:33:46,
975,SKU015370,2018/4/13 13:33:46,
976,SKU015370,2018/4/13 13:33:46,
977,SKU015370,2018/4/13 13:33:46,
978,SKU015370,2018/4/13 13:33:46,
979,SKU015370,2018/4/13 13:33:46,
980,SKU015370,2018/4/13 13:33:46,
981,SKU015370,2018/4/13 13:33:46,
982,SKU015370,2018/4/13 13:33:46,
983,SKU015370,2018/4/13 13:33:46,
984,SKU015370,2018/4/13 13:33:46,
985,SKU015370,2018/4/13 13:33:46,
986,SKU015370,2018/4/13 13:33:46,
987,SKU015370,2018/4/13 13:33:46,
988,SKU015370,2018/4/13 13:33:46,
989,SKU015370,2018/4/13 13:33:46,
990,SKU015370,2018/4/13 13:33:46,
991,SKU015370,2018/4/13 13:33:46,
992,SKU015370,2018/4/13 13:33:46,
993,SKU015370,2018/4/13 13:33:46,
994,SKU015370,2018/4/13 13:33:46,
995,SKU015370,2018/4/13 13:33:46,
996,SKU015370,2018/4/13 13:33:46,
997,SKU015370,2018/4/13 13:33:46,
998,SKU015370,2018/4/13 13:33:46,
999,SKU015370,2018/4/13 13:33:46,
10063,SKU064504,2018/4/13 13:33:47,
10064,SKU064504,2018/4/13 13:33:47,
10065,SKU064504,2018/4/13 13:33:47,
10066,SKU064504,2018/4/13 13:33:47,
10067,SKU064504,2018/4/13 13:33:47,
10068,SKU064504,2018/4/13 13:33:47,
10069,SKU064504,2018/4/13 13:33:47,
10070,SKU064504,2018/4/13 13:33:47,
10071,SKU064504,2018/4/13 13:33:47,
10072,SKU064504,2018/4/13 13:33:47,
10073,SKU064504,2018/4/13 13:33:47,
10292,SKU064835,2018/4/13 13:33:47,
10293,SKU064835,2018/4/13 13:33:47,
10294,SKU064835,2018/4/13 13:33:47,
10295,SKU064835,2018/4/13 13:33:47,
10296,SKU064835,2018/4/13 13:33:47,
10297,SKU064835,2018/4/13 13:33:47,
10298,SKU064835,2018/4/13 13:33:47,
10299,SKU064835,2018/4/13 13:33:47,
10300,SKU064835,2018/4/13 13:33:47,
10301,SKU064835,2018/4/13 13:33:47,
10302,SKU064835,2018/4/13 13:33:47,
10303,SKU064835,2018/4/13 13:33:47,
10304,SKU064835,2018/4/13 13:33:47,
10305,SKU064835,2018/4/13 13:33:47,
10306,SKU064835,2018/4/13 13:33:47,
10307,SKU064835,2018/4/13 13:33:47,
10308,SKU064835,2018/4/13 13:33:47,
10309,SKU064835,2018/4/13 13:33:47,
10310,SKU064835,2018/4/13 13:33:47,
10311,SKU064835,2018/4/13 13:33:47,
10312,SKU064835,2018/4/13 13:33:47,
10313,SKU064835,2018/4/13 13:33:47,
10314,SKU064835,2018/4/13 13:33:47,
10315,SKU064835,2018/4/13 13:33:47,
10325,SKU064983,2018/4/13 13:33:47,
10326,SKU064983,2018/4/13 13:33:47,
10327,SKU064983,2018/4/13 13:33:47,
10328,SKU064983,2018/4/13 13:33:47,
10329,SKU064983,2018/4/13 13:33:47,
10330,SKU064983,2018/4/13 13:33:47,
10331,SKU064983,2018/4/13 13:33:47,
10332,SKU064983,2018/4/13 13:33:47,
10443,SKU065526,2018/4/13 13:33:47,
10444,SKU065526,2018/4/13 13:33:47,
10445,SKU065526,2018/4/13 13:33:47,
10446,SKU065526,2018/4/13 13:33:47,
10447,SKU065526,2018/4/13 13:33:47,
10448,SKU065526,2018/4/13 13:33:47,
10449,SKU065526,2018/4/13 13:33:47,
10450,SKU065526,2018/4/13 13:33:47,
10451,SKU065526,2018/4/13 13:33:47,
10452,SKU065526,2018/4/13 13:33:47,
10453,SKU065526,2018/4/13 13:33:47,
10454,SKU065526,2018/4/13 13:33:47,
10455,SKU065526,2018/4/13 13:33:47,
10456,SKU065526,2018/4/13 13:33:47,
10457,SKU065526,2018/4/13 13:33:47,
10458,SKU065526,2018/4/13 13:33:47,
10459,SKU065526,2018/4/13 13:33:47,
10460,SKU065526,2018/4/13 13:33:47,
10461,SKU065526,2018/4/13 13:33:47,
10462,SKU065526,2018/4/13 13:33:47,
10726,SKU066773,2018/4/13 13:33:47,
10727,SKU066773,2018/4/13 13:33:47,
10798,SKU068083,2018/4/13 13:33:47,
10799,SKU068083,2018/4/13 13:33:47,
10800,SKU068083,2018/4/13 13:33:47,
10801,SKU068083,2018/4/13 13:33:47,
10802,SKU068083,2018/4/13 13:33:47,
10803,SKU068083,2018/4/13 13:33:47,
10804,SKU068083,2018/4/13 13:33:47,
10805,SKU068083,2018/4/13 13:33:47,
10806,SKU068083,2018/4/13 13:33:47,
10807,SKU068083,2018/4/13 13:33:47,
10808,SKU068083,2018/4/13 13:33:47,
10809,SKU068083,2018/4/13 13:33:47,
10810,SKU068083,2018/4/13 13:33:47,
10811,SKU068083,2018/4/13 13:33:47,
10812,SKU068083,2018/4/13 13:33:47,
10813,SKU068083,2018/4/13 13:33:47,
10814,SKU068083,2018/4/13 13:33:47,
10815,SKU068083,2018/4/13 13:33:47,
10816,SKU068083,2018/4/13 13:33:47,
10817,SKU068083,2018/4/13 13:33:47,
10818,SKU068083,2018/4/13 13:33:47,
10819,SKU068083,2018/4/13 13:33:47,
10820,SKU068083,2018/4/13 13:33:47,
10821,SKU068083,2018/4/13 13:33:47,
10822,SKU068083,2018/4/13 13:33:47,
10823,SKU068083,2018/4/13 13:33:47,
10897,SKU068908,2018/4/13 13:33:47,
10898,SKU068908,2018/4/13 13:33:47,
10899,SKU068908,2018/4/13 13:33:47,
10900,SKU068908,2018/4/13 13:33:47,
10901,SKU068908,2018/4/13 13:33:47,
10902,SKU069032,2018/4/13 13:33:47,
10903,SKU069032,2018/4/13 13:33:47,
10904,SKU069032,2018/4/13 13:33:47,
10905,SKU069032,2018/4/13 13:33:47,
10906,SKU069032,2018/4/13 13:33:47,
10907,SKU069032,2018/4/13 13:33:47,
10908,SKU069032,2018/4/13 13:33:47,
10909,SKU069032,2018/4/13 13:33:47,
10910,SKU069032,2018/4/13 13:33:47,
10911,SKU069032,2018/4/13 13:33:47,
10912,SKU069032,2018/4/13 13:33:47,
10913,SKU069032,2018/4/13 13:33:47,
10914,SKU069032,2018/4/13 13:33:47,
10915,SKU069032,2018/4/13 13:33:47,
10916,SKU069032,2018/4/13 13:33:47,
10917,SKU069032,2018/4/13 13:33:47,
10918,SKU069141,2018/4/13 13:33:47,
10919,SKU069141,2018/4/13 13:33:47,
10920,SKU069141,2018/4/13 13:33:47,
10921,SKU069141,2018/4/13 13:33:47,
10922,SKU069141,2018/4/13 13:33:47,
10923,SKU069141,2018/4/13 13:33:47,
10924,SKU069141,2018/4/13 13:33:47,
10925,SKU069141,2018/4/13 13:33:47,
10926,SKU069141,2018/4/13 13:33:47,
10927,SKU069141,2018/4/13 13:33:47,
10928,SKU069141,2018/4/13 13:33:47,
10929,SKU069141,2018/4/13 13:33:47,
10930,SKU069141,2018/4/13 13:33:47,
10931,SKU069141,2018/4/13 13:33:47,
10932,SKU069141,2018/4/13 13:33:47,
10933,SKU069141,2018/4/13 13:33:47,
10934,SKU069141,2018/4/13 13:33:47,
10935,SKU069141,2018/4/13 13:33:47,
10936,SKU069141,2018/4/13 13:33:47,
10937,SKU069141,2018/4/13 13:33:47,
10938,SKU069141,2018/4/13 13:33:47,
26000010,SKU670356,2018/4/13 14:45:16,
26000011,SKU670356,2018/4/13 14:45:16,
26000012,SKU670356,2018/4/13 14:45:16,
26000013,SKU670356,2018/4/13 14:45:16,
26000014,SKU670356,2018/4/13 14:45:16,
26000015,SKU670356,2018/4/13 14:45:16,
26000016,SKU670356,2018/4/13 14:45:16,
26000017,SKU670356,2018/4/13 14:45:16,
26000018,SKU670356,2018/4/13 14:45:16,
26000019,SKU670356,2018/4/13 14:45:16,
26000020,SKU670356,2018/4/13 14:45:16,
26000021,SKU670356,2018/4/13 14:45:16,
26000022,SKU670356,2018/4/13 14:45:16,
26000023,SKU670356,2018/4/13 14:45:16,
26000024,SKU670356,2018/4/13 14:45:16,
26000025,SKU670356,2018/4/13 14:45:16,
26000026,SKU670356,2018/4/13 14:45:16,
26000027,SKU670356,2018/4/13 14:45:16,
26000028,SKU670356,2018/4/13 14:45:16,
26000029,SKU670356,2018/4/13 14:45:16,
26000030,SKU670356,2018/4/13 14:45:16,
26000031,SKU670356,2018/4/13 14:45:16,
26000032,SKU670356,2018/4/13 14:45:16,
26000033,SKU670356,2018/4/13 14:45:16,
26000034,SKU670356,2018/4/13 14:45:16,
26000035,SKU670356,2018/4/13 14:45:16,
26000036,SKU670356,2018/4/13 14:45:16,
26000037,SKU670356,2018/4/13 14:45:16,
26000038,SKU670356,2018/4/13 14:45:16,
26000039,SKU670356,2018/4/13 14:45:16,
26000040,SKU670356,2018/4/13 14:45:16,
26000041,SKU670356,2018/4/13 14:45:16,
26000042,SKU670356,2018/4/13 14:45:16,
26000043,SKU670356,2018/4/13 14:45:16,
26000044,SKU670356,2018/4/13 14:45:16,
26000045,SKU670356,2018/4/13 14:45:16,
26000046,SKU670356,2018/4/13 14:45:16,
26000047,SKU670480,2018/4/13 14:45:16,
26000093,SKU670733,2018/4/13 14:45:16,
26000094,SKU670733,2018/4/13 14:45:16,
26000095,SKU670733,2018/4/13 14:45:16,
26000096,SKU670733,2018/4/13 14:45:16,
26000097,SKU670733,2018/4/13 14:45:16,
26000098,SKU670733,2018/4/13 14:45:16,
26000099,SKU670733,2018/4/13 14:45:16,
26000100,SKU670733,2018/4/13 14:45:16,
26000101,SKU670733,2018/4/13 14:45:16,
26000102,SKU670733,2018/4/13 14:45:16,
26000103,SKU670733,2018/4/13 14:45:16,
26000104,SKU670733,2018/4/13 14:45:16,
26000105,SKU670733,2018/4/13 14:45:16,
26000106,SKU670733,2018/4/13 14:45:16,
26000107,SKU670733,2018/4/13 14:45:16,
26000108,SKU670733,2018/4/13 14:45:16,
26000109,SKU670733,2018/4/13 14:45:16,
26000110,SKU670733,2018/4/13 14:45:16,
26000111,SKU670733,2018/4/13 14:45:16,
26000112,SKU670733,2018/4/13 14:45:16,
26000113,SKU670733,2018/4/13 14:45:16,
26000114,SKU670733,2018/4/13 14:45:16,
26000115,SKU670733,2018/4/13 14:45:16,
26000116,SKU670733,2018/4/13 14:45:16,
26000117,SKU670733,2018/4/13 14:45:16,
26000118,SKU670733,2018/4/13 14:45:16,
26000119,SKU670733,2018/4/13 14:45:16,
26000120,SKU670733,2018/4/13 14:45:16,
26000121,SKU670733,2018/4/13 14:45:16,
26000122,SKU670733,2018/4/13 14:45:16,
26000123,SKU670733,2018/4/13 14:45:16,
26000124,SKU670733,2018/4/13 14:45:16,
26000125,SKU670733,2018/4/13 14:45:16,
26000126,SKU670733,2018/4/13 14:45:16,
26000127,SKU670733,2018/4/13 14:45:16,
26000128,SKU670733,2018/4/13 14:45:16,
26000129,SKU670733,2018/4/13 14:45:16,
26000130,SKU670733,2018/4/13 14:45:16,
26000131,SKU670733,2018/4/13 14:45:16,
26000132,SKU670733,2018/4/13 14:45:16,
26000133,SKU670733,2018/4/13 14:45:16,
26000134,SKU670733,2018/4/13 14:45:16,
26000135,SKU670733,2018/4/13 14:45:16,
26000136,SKU670733,2018/4/13 14:45:16,
26000137,SKU670733,2018/4/13 14:45:16,
26000138,SKU670733,2018/4/13 14:45:16,
26000139,SKU670733,2018/4/13 14:45:16,
26000140,SKU670733,2018/4/13 14:45:16,
26000141,SKU670733,2018/4/13 14:45:16,
26000142,SKU670733,2018/4/13 14:45:16,
26000143,SKU670733,2018/4/13 14:45:16,
26000144,SKU670733,2018/4/13 14:45:16,
26000145,SKU670733,2018/4/13 14:45:16,
26000146,SKU670733,2018/4/13 14:45:16,
26000147,SKU670733,2018/4/13 14:45:16,
26000148,SKU670733,2018/4/13 14:45:16,
26000149,SKU670733,2018/4/13 14:45:16,
26000150,SKU670733,2018/4/13 14:45:16,
26000151,SKU670733,2018/4/13 14:45:16,
26000152,SKU670733,2018/4/13 14:45:16,
26000153,SKU670733,2018/4/13 14:45:16,
26000154,SKU670733,2018/4/13 14:45:16,
26000155,SKU670733,2018/4/13 14:45:16,
26000156,SKU670733,2018/4/13 14:45:16,
26000157,SKU670733,2018/4/13 14:45:16,
26000158,SKU670733,2018/4/13 14:45:16,
26000159,SKU670733,2018/4/13 14:45:16,
26000160,SKU670733,2018/4/13 14:45:16,
26000161,SKU670733,2018/4/13 14:45:16,
26000162,SKU670733,2018/4/13 14:45:16,
26000163,SKU670733,2018/4/13 14:45:16,
26000164,SKU670733,2018/4/13 14:45:16,
26000165,SKU670733,2018/4/13 14:45:16,
26000166,SKU670733,2018/4/13 14:45:16,
26000167,SKU670733,2018/4/13 14:45:16,
26000168,SKU670733,2018/4/13 14:45:16,
26000169,SKU670733,2018/4/13 14:45:16,
26000170,SKU670733,2018/4/13 14:45:16,
26000171,SKU670733,2018/4/13 14:45:16,
26000172,SKU670733,2018/4/13 14:45:16,
26000173,SKU670733,2018/4/13 14:45:16,
26000174,SKU670733,2018/4/13 14:45:16,
26000175,SKU670733,2018/4/13 14:45:16,
26000176,SKU670733,2018/4/13 14:45:16,
26000177,SKU670733,2018/4/13 14:45:16,
26000178,SKU670733,2018/4/13 14:45:16,
26000179,SKU670733,2018/4/13 14:45:16,
26000180,SKU670733,2018/4/13 14:45:16,
26000181,SKU670733,2018/4/13 14:45:16,
26000182,SKU670733,2018/4/13 14:45:16,
26000183,SKU670733,2018/4/13 14:45:16,
26000184,SKU670733,2018/4/13 14:45:16,
26000185,SKU670733,2018/4/13 14:45:16,
26000186,SKU670733,2018/4/13 14:45:16,
26000187,SKU670733,2018/4/13 14:45:16,
26000188,SKU670733,2018/4/13 14:45:16,
26000189,SKU670733,2018/4/13 14:45:16,
26000190,SKU670733,2018/4/13 14:45:16,
26000191,SKU670733,2018/4/13 14:45:16,
26000192,SKU670733,2018/4/13 14:45:16,
26000193,SKU670733,2018/4/13 14:45:16,
26000194,SKU670733,2018/4/13 14:45:16,
26000195,SKU670733,2018/4/13 14:45:16,
26000196,SKU670733,2018/4/13 14:45:16,
26000197,SKU670733,2018/4/13 14:45:16,
26000198,SKU670733,2018/4/13 14:45:16,
26000199,SKU670733,2018/4/13 14:45:16,
26000200,SKU670733,2018/4/13 14:45:16,
26000201,SKU670733,2018/4/13 14:45:16,
26000202,SKU670733,2018/4/13 14:45:16,
26000203,SKU670733,2018/4/13 14:45:16,
26000204,SKU670733,2018/4/13 14:45:16,
26000205,SKU670733,2018/4/13 14:45:16,
26000206,SKU670733,2018/4/13 14:45:16,
26000207,SKU670733,2018/4/13 14:45:16,
26000208,SKU670733,2018/4/13 14:45:16,
26000209,SKU670733,2018/4/13 14:45:16,
26000210,SKU670733,2018/4/13 14:45:16,
26000211,SKU670733,2018/4/13 14:45:16,
26000212,SKU670733,2018/4/13 14:45:16,
26000213,SKU670733,2018/4/13 14:45:16,
26000214,SKU670733,2018/4/13 14:45:16,
26000215,SKU670733,2018/4/13 14:45:16,
26000216,SKU670733,2018/4/13 14:45:16,
26000217,SKU670733,2018/4/13 14:45:16,
26000218,SKU670733,2018/4/13 14:45:16,
26000219,SKU670733,2018/4/13 14:45:16,
26000220,SKU670733,2018/4/13 14:45:16,
26000221,SKU670733,2018/4/13 14:45:16,
26000222,SKU670733,2018/4/13 14:45:16,
26000223,SKU670733,2018/4/13 14:45:16,
26000224,SKU670733,2018/4/13 14:45:16,
26000225,SKU670733,2018/4/13 14:45:16,
26000226,SKU670733,2018/4/13 14:45:16,
26000227,SKU670733,2018/4/13 14:45:16,
26000353,SKU671089,2018/4/13 14:45:16,
26000572,SKU671850,2018/4/13 14:45:16,
26000573,SKU671850,2018/4/13 14:45:16,
26000574,SKU671850,2018/4/13 14:45:16,
26000575,SKU671850,2018/4/13 14:45:16,
26000576,SKU671850,2018/4/13 14:45:16,
26000577,SKU671850,2018/4/13 14:45:16,
26000578,SKU671850,2018/4/13 14:45:16,
26000579,SKU671850,2018/4/13 14:45:16,
26000580,SKU671850,2018/4/13 14:45:16,
26000581,SKU671850,2018/4/13 14:45:16,
26000582,SKU671850,2018/4/13 14:45:16,
26000583,SKU671850,2018/4/13 14:45:16,
26000584,SKU671850,2018/4/13 14:45:16,
26000585,SKU671850,2018/4/13 14:45:16,
26000586,SKU671850,2018/4/13 14:45:16,
26000587,SKU671850,2018/4/13 14:45:16,
26000588,SKU671850,2018/4/13 14:45:16,
26000589,SKU671850,2018/4/13 14:45:16,
26000590,SKU671850,2018/4/13 14:45:16,
26000591,SKU671850,2018/4/13 14:45:16,
26000592,SKU671850,2018/4/13 14:45:16,
26000610,SKU672162,2018/4/13 14:45:16,
26000780,SKU672565,2018/4/13 14:45:16,
26000989,SKU672916,2018/4/13 14:45:16,
26000996,SKU673031,2018/4/13 14:45:16,
26000997,SKU673031,2018/4/13 14:45:16,
26000998,SKU673031,2018/4/13 14:45:16,
26000999,SKU673031,2018/4/13 14:45:16,
27000316,SKU907092,2018/4/28 14:56:59,
27000317,SKU907092,2018/4/28 14:56:59,
27000318,SKU907092,2018/4/28 14:56:59,
27000319,SKU907092,2018/4/28 14:56:59,
27000320,SKU907092,2018/4/28 14:56:59,
27000321,SKU907092,2018/4/28 14:56:59,
27000322,SKU907092,2018/4/28 14:56:59,
27000323,SKU907092,2018/4/28 14:56:59,
27000324,SKU907092,2018/4/28 14:56:59,
27000325,SKU907092,2018/4/28 14:56:59,
27000326,SKU907092,2018/4/28 14:56:59,
27000327,SKU907092,2018/4/28 14:56:59,
27000329,SKU907606,2018/4/28 14:56:59,
27000330,SKU911447,2018/4/28 14:56:59,
27000331,SKU911447,2018/4/28 14:56:59,
27000332,SKU911447,2018/4/28 14:56:59,
27000333,SKU911447,2018/4/28 14:56:59,
27000334,SKU911447,2018/4/28 14:56:59,
27000335,SKU911447,2018/4/28 14:56:59,
27000336,SKU911447,2018/4/28 14:56:59,
27000337,SKU911447,2018/4/28 14:56:59,
27000338,SKU911447,2018/4/28 14:56:59,
27000339,SKU911447,2018/4/28 14:56:59,
27000340,SKU911447,2018/4/28 14:56:59,
27000341,SKU911447,2018/4/28 14:56:59,
27000342,SKU911447,2018/4/28 14:56:59,
27000343,SKU911447,2018/4/28 14:56:59,
27000344,SKU911447,2018/4/28 14:56:59,
27000345,SKU911447,2018/4/28 14:56:59,
27000346,SKU914271,2018/4/28 14:56:59,
27000347,SKU914271,2018/4/28 14:56:59,
27000348,SKU914271,2018/4/28 14:56:59,
27000349,SKU914271,2018/4/28 14:56:59,
27000350,SKU914271,2018/4/28 14:56:59,
27000351,SKU914271,2018/4/28 14:56:59,
27000352,SKU914271,2018/4/28 14:56:59,
27000353,SKU914271,2018/4/28 14:56:59,
27000354,SKU914271,2018/4/28 14:56:59,
27000355,SKU914271,2018/4/28 14:56:59,
27000356,SKU914271,2018/4/28 14:56:59,
27000357,SKU914271,2018/4/28 14:56:59,
27000358,SKU914271,2018/4/28 14:56:59,
27000419,SKU929428,2018/4/28 14:56:59,
27000515,SKU937358,2018/4/28 14:56:59,
27000516,SKU937358,2018/4/28 14:56:59,
27000517,SKU937358,2018/4/28 14:56:59,
27000518,SKU937358,2018/4/28 14:56:59,
27000519,SKU937358,2018/4/28 14:56:59,
27000557,SKU946425,2018/4/28 14:56:59,
27000558,SKU946425,2018/4/28 14:56:59,
27000559,SKU946425,2018/4/28 14:56:59,
27000560,SKU946425,2018/4/28 14:56:59,
27000561,SKU946425,2018/4/28 14:56:59,
27000562,SKU946425,2018/4/28 14:56:59,
27000563,SKU946425,2018/4/28 14:56:59,
27000564,SKU946425,2018/4/28 14:56:59,
27000565,SKU946425,2018/4/28 14:56:59,
27000566,SKU946425,2018/4/28 14:56:59,
27000567,SKU946425,2018/4/28 14:56:59,
27000568,SKU946425,2018/4/28 14:56:59,
27000569,SKU946425,2018/4/28 14:56:59,
27000570,SKU946425,2018/4/28 14:56:59,
27000571,SKU946425,2018/4/28 14:56:59,
27000572,SKU946425,2018/4/28 14:56:59,
27000573,SKU946425,2018/4/28 14:56:59,
27000574,SKU946425,2018/4/28 14:56:59,
27000575,SKU946425,2018/4/28 14:56:59,
27000576,SKU946425,2018/4/28 14:56:59,
27000582,SKU948713,2018/4/28 14:56:59,
27000583,SKU948713,2018/4/28 14:56:59,
27000584,SKU948713,2018/4/28 14:56:59,
27000585,SKU948713,2018/4/28 14:56:59,
27000586,SKU948713,2018/4/28 14:56:59,
27000593,SKU948895,2018/4/28 14:56:59,
27000594,SKU948895,2018/4/28 14:56:59,
27000595,SKU948895,2018/4/28 14:56:59,
27000596,SKU948895,2018/4/28 14:56:59,
27000597,SKU948895,2018/4/28 14:56:59,
27000598,SKU948895,2018/4/28 14:56:59,
27000599,SKU948895,2018/4/28 14:56:59,
27000646,SKU949316,2018/4/28 14:56:59,
27000647,SKU949316,2018/4/28 14:56:59,
27000648,SKU949316,2018/4/28 14:56:59,
27000649,SKU949316,2018/4/28 14:56:59,
27000650,SKU949316,2018/4/28 14:56:59,
27000653,SKU949507,2018/4/28 14:56:59,
27000654,SKU949507,2018/4/28 14:56:59,
27000655,SKU949507,2018/4/28 14:56:59,
27000656,SKU949507,2018/4/28 14:56:59,
27000657,SKU949507,2018/4/28 14:56:59,
27000658,SKU949507,2018/4/28 14:56:59,
27000659,SKU949507,2018/4/28 14:56:59,
27000660,SKU949507,2018/4/28 14:56:59,
27000661,SKU949507,2018/4/28 14:56:59,
27000662,SKU949507,2018/4/28 14:56:59,
27000663,SKU949507,2018/4/28 14:56:59,
27000664,SKU949507,2018/4/28 14:56:59,
27000665,SKU949507,2018/4/28 14:56:59,
27000669,SKU949633,2018/4/28 14:56:59,
27000670,SKU949633,2018/4/28 14:56:59,
27000671,SKU949633,2018/4/28 14:56:59,
27000672,SKU949633,2018/4/28 14:56:59,
27000673,SKU949633,2018/4/28 14:56:59,
27000674,SKU949633,2018/4/28 14:56:59,
27000699,SKU695100,2018/4/28 14:56:59,
27000700,SKU695100,2018/4/28 14:56:59,
27000701,SKU695100,2018/4/28 14:56:59,
27000737,SKU880821,2018/4/28 14:56:59,
27000738,SKU880821,2018/4/28 14:56:59,
27000739,SKU880821,2018/4/28 14:56:59,
27000740,SKU880821,2018/4/28 14:56:59,
27000741,SKU880821,2018/4/28 14:56:59,
27000742,SKU880821,2018/4/28 14:56:59,
27000743,SKU880821,2018/4/28 14:56:59,
27000744,SKU880821,2018/4/28 14:56:59,
27000745,SKU880821,2018/4/28 14:56:59,
27000746,SKU880821,2018/4/28 14:56:59,
27000747,SKU880821,2018/4/28 14:56:59,
27000748,SKU880821,2018/4/28 14:56:59,
27000749,SKU880821,2018/4/28 14:56:59,
27000750,SKU880821,2018/4/28 14:56:59,
27000910,SKU906422,2018/4/28 14:56:59,
27000911,SKU906422,2018/4/28 14:56:59,
27000912,SKU906422,2018/4/28 14:56:59,
27000913,SKU914815,2018/4/28 14:56:59,
27000914,SKU914815,2018/4/28 14:56:59,
27000915,SKU914815,2018/4/28 14:56:59,
27000916,SKU914815,2018/4/28 14:56:59,
27000917,SKU914815,2018/4/28 14:56:59,
27000918,SKU914815,2018/4/28 14:56:59,
27000919,SKU914815,2018/4/28 14:56:59,
27000920,SKU914815,2018/4/28 14:56:59,
27000921,SKU914815,2018/4/28 14:56:59,
27000922,SKU914815,2018/4/28 14:56:59,
27000923,SKU914815,2018/4/28 14:56:59,
27000924,SKU914815,2018/4/28 14:56:59,
27500001,SKU960216,2018/5/15 9:45:47,
27500002,SKU960216,2018/5/15 9:45:47,
27500003,SKU960216,2018/5/15 9:45:47,
27500004,SKU960216,2018/5/15 9:45:47,
27500005,SKU960216,2018/5/15 9:45:47,
27500006,SKU960216,2018/5/15 9:45:47,
27500007,SKU960216,2018/5/15 9:45:47,
27500008,SKU960216,2018/5/15 9:45:47,
27500009,SKU960216,2018/5/15 9:45:47,
27500028,SKU661815,2018/5/15 9:45:47,
27500029,SKU661815,2018/5/15 9:45:47,
27500030,SKU661815,2018/5/15 9:45:47,
27500031,SKU661815,2018/5/15 9:45:47,
27500032,SKU661815,2018/5/15 9:45:47,
27500033,SKU661815,2018/5/15 9:45:47,
27500034,SKU661815,2018/5/15 9:45:47,
27500035,SKU661815,2018/5/15 9:45:47,
27500036,SKU661815,2018/5/15 9:45:47,
27500037,SKU661815,2018/5/15 9:45:47,
27500038,SKU661815,2018/5/15 9:45:47,
27500039,SKU661815,2018/5/15 9:45:47,
27500040,SKU661815,2018/5/15 9:45:47,
27500041,SKU661815,2018/5/15 9:45:47,
27500042,SKU661815,2018/5/15 9:45:47,
27500043,SKU661815,2018/5/15 9:45:47,
27500044,SKU661815,2018/5/15 9:45:47,
27500045,SKU661815,2018/5/15 9:45:47,
27500071,SKU864531,2018/5/15 9:45:47,
27500072,SKU864531,2018/5/15 9:45:47,
27500073,SKU864531,2018/5/15 9:45:47,
27500074,SKU864531,2018/5/15 9:45:47,
27500075,SKU864531,2018/5/15 9:45:47,
27500076,SKU864531,2018/5/15 9:45:47,
27500077,SKU864531,2018/5/15 9:45:47,
27500078,SKU864531,2018/5/15 9:45:47,
27500079,SKU864531,2018/5/15 9:45:47,
27500080,SKU864531,2018/5/15 9:45:47,
27500081,SKU864531,2018/5/15 9:45:47,
27500082,SKU864531,2018/5/15 9:45:47,
27500083,SKU864531,2018/5/15 9:45:47,
27500084,SKU864531,2018/5/15 9:45:47,
27500085,SKU864531,2018/5/15 9:45:47,
27500086,SKU864531,2018/5/15 9:45:47,
27500087,SKU864531,2018/5/15 9:45:47,
27500088,SKU864531,2018/5/15 9:45:47,
27500089,SKU864531,2018/5/15 9:45:47,
27500090,SKU864531,2018/5/15 9:45:47,
27500091,SKU864531,2018/5/15 9:45:47,
27500092,SKU864531,2018/5/15 9:45:47,
27500093,SKU864531,2018/5/15 9:45:47,
27500094,SKU864531,2018/5/15 9:45:47,
27500095,SKU864531,2018/5/15 9:45:47,
27500096,SKU864531,2018/5/15 9:45:47,
27500097,SKU864531,2018/5/15 9:45:47,
27500098,SKU864531,2018/5/15 9:45:47,
27500099,SKU864531,2018/5/15 9:45:47,
27500100,SKU864531,2018/5/15 9:45:47,
27500101,SKU864531,2018/5/15 9:45:47,
27500102,SKU864531,2018/5/15 9:45:47,
27500103,SKU864531,2018/5/15 9:45:47,
27500104,SKU864531,2018/5/15 9:45:47,
27500105,SKU864531,2018/5/15 9:45:47,
27500106,SKU864531,2018/5/15 9:45:47,
27500107,SKU864531,2018/5/15 9:45:47,
27500108,SKU864531,2018/5/15 9:45:47,
27500109,SKU864531,2018/5/15 9:45:47,
27500110,SKU864531,2018/5/15 9:45:47,
27500111,SKU864531,2018/5/15 9:45:47,
27500112,SKU864531,2018/5/15 9:45:47,
27500113,SKU864531,2018/5/15 9:45:47,
27500114,SKU864531,2018/5/15 9:45:47,
27500115,SKU864531,2018/5/15 9:45:47,
27500116,SKU864531,2018/5/15 9:45:47,
27500117,SKU864531,2018/5/15 9:45:47,
27500118,SKU864531,2018/5/15 9:45:47,
27500119,SKU864531,2018/5/15 9:45:47,
27500120,SKU864531,2018/5/15 9:45:47,
27500121,SKU864531,2018/5/15 9:45:47,
27500122,SKU864531,2018/5/15 9:45:47,
27500123,SKU864531,2018/5/15 9:45:47,
27500124,SKU864531,2018/5/15 9:45:47,
27500125,SKU864531,2018/5/15 9:45:47,
27500126,SKU864531,2018/5/15 9:45:47,
27500127,SKU864531,2018/5/15 9:45:47,
27500128,SKU864531,2018/5/15 9:45:47,
27500129,SKU864531,2018/5/15 9:45:47,
27500130,SKU864531,2018/5/15 9:45:47,
27500131,SKU864531,2018/5/15 9:45:47,
27500132,SKU864531,2018/5/15 9:45:47,
27500133,SKU864531,2018/5/15 9:45:47,
27500134,SKU864531,2018/5/15 9:45:47,
27500135,SKU864531,2018/5/15 9:45:47,
27500136,SKU864531,2018/5/15 9:45:47,
27500137,SKU864531,2018/5/15 9:45:47,
27500138,SKU867399,2018/5/15 9:45:47,
27500139,SKU867399,2018/5/15 9:45:47,
27500259,SKU940456,2018/5/15 9:45:47,
27500286,SKU949794,2018/5/15 9:45:47,
27500287,SKU949794,2018/5/15 9:45:47,
27500288,SKU949794,2018/5/15 9:45:47,
27500289,SKU949794,2018/5/15 9:45:47,
27500290,SKU949794,2018/5/15 9:45:47,
27500291,SKU949794,2018/5/15 9:45:47,
27500292,SKU949794,2018/5/15 9:45:47,
27500293,SKU949794,2018/5/15 9:45:47,
27500294,SKU949794,2018/5/15 9:45:47,
27500295,SKU949794,2018/5/15 9:45:47,
27500296,SKU949794,2018/5/15 9:45:47,
27500297,SKU949794,2018/5/15 9:45:47,
27500298,SKU949794,2018/5/15 9:45:47,
27500299,SKU949794,2018/5/15 9:45:47,
27500300,SKU949794,2018/5/15 9:45:47,
27500301,SKU949794,2018/5/15 9:45:47,
27500302,SKU949794,2018/5/15 9:45:47,
27500303,SKU949794,2018/5/15 9:45:47,
27500304,SKU949794,2018/5/15 9:45:47,
27500305,SKU949794,2018/5/15 9:45:47,
27500306,SKU949794,2018/5/15 9:45:47,
27500307,SKU949794,2018/5/15 9:45:47,
27500308,SKU949794,2018/5/15 9:45:47,
27500309,SKU949794,2018/5/15 9:45:47,
27500310,SKU949794,2018/5/15 9:45:47,
27500311,SKU949794,2018/5/15 9:45:47,
27500312,SKU949794,2018/5/15 9:45:47,
27500313,SKU949794,2018/5/15 9:45:47,
27500314,SKU949794,2018/5/15 9:45:47,
27500315,SKU949794,2018/5/15 9:45:47,
27500325,SKU954434,2018/5/15 9:45:47,
27500326,SKU954434,2018/5/15 9:45:47,
27500327,SKU954434,2018/5/15 9:45:47,
27500328,SKU954434,2018/5/15 9:45:47,
27500329,SKU954434,2018/5/15 9:45:47,
27500330,SKU954434,2018/5/15 9:45:47,
27500331,SKU954434,2018/5/15 9:45:47,
27500351,SKU959748,2018/5/15 9:45:47,
27500352,SKU959748,2018/5/15 9:45:47,
27500353,SKU959748,2018/5/15 9:45:47,
27500354,SKU959748,2018/5/15 9:45:47,
27500355,SKU959748,2018/5/15 9:45:47,
27500356,SKU959748,2018/5/15 9:45:47,
27500357,SKU959748,2018/5/15 9:45:47,
27500358,SKU959748,2018/5/15 9:45:47,
27500359,SKU959748,2018/5/15 9:45:47,
27500360,SKU959748,2018/5/15 9:45:47,
27500361,SKU959748,2018/5/15 9:45:47,
27500362,SKU959748,2018/5/15 9:45:47,
27500363,SKU959748,2018/5/15 9:45:47,
27500364,SKU959748,2018/5/15 9:45:47,
27500365,SKU959748,2018/5/15 9:45:47,
27500366,SKU959748,2018/5/15 9:45:47,
27500367,SKU959748,2018/5/15 9:45:47,
27500368,SKU959887,2018/5/15 9:45:47,
27500369,SKU959887,2018/5/15 9:45:47,
27500370,SKU959887,2018/5/15 9:45:47,
27500371,SKU959887,2018/5/15 9:45:47,
27500372,SKU959887,2018/5/15 9:45:47,
27500373,SKU959887,2018/5/15 9:45:47,
27500374,SKU959887,2018/5/15 9:45:47,
27500375,SKU959887,2018/5/15 9:45:47,
27500376,SKU959887,2018/5/15 9:45:47,
27500377,SKU959887,2018/5/15 9:45:47,
27500404,SKU960103,2018/5/15 9:45:47,
27500405,SKU960103,2018/5/15 9:45:47,
27500459,SKU813056,2018/5/15 9:45:47,
27500460,SKU813056,2018/5/15 9:45:47,
27500461,SKU813056,2018/5/15 9:45:47,
27500462,SKU813056,2018/5/15 9:45:47,
27500463,SKU813056,2018/5/15 9:45:47,
27500464,SKU813056,2018/5/15 9:45:47,
27500465,SKU813056,2018/5/15 9:45:47,
27500466,SKU813056,2018/5/15 9:45:47,
27500467,SKU813056,2018/5/15 9:45:47,
27500468,SKU813056,2018/5/15 9:45:47,
27500469,SKU813056,2018/5/15 9:45:47,
27500470,SKU813056,2018/5/15 9:45:47,
27500541,SKU922355,2018/5/15 9:45:47,
27500542,SKU922355,2018/5/15 9:45:47,
27500543,SKU922355,2018/5/15 9:45:47,
27500544,SKU922355,2018/5/15 9:45:47,
27500545,SKU922355,2018/5/15 9:45:47,
27500546,SKU922355,2018/5/15 9:45:47,
27500547,SKU922355,2018/5/15 9:45:47,
27500548,SKU922355,2018/5/15 9:45:47,
27500549,SKU922355,2018/5/15 9:45:47,
27500550,SKU922355,2018/5/15 9:45:47,
27500551,SKU922355,2018/5/15 9:45:47,
27500552,SKU922355,2018/5/15 9:45:47,
27500553,SKU922355,2018/5/15 9:45:47,
27500554,SKU922355,2018/5/15 9:45:47,
27500555,SKU922355,2018/5/15 9:45:47,
27500556,SKU922355,2018/5/15 9:45:47,
27500557,SKU922355,2018/5/15 9:45:47,
27500558,SKU922355,2018/5/15 9:45:47,
27500559,SKU922355,2018/5/15 9:45:47,
27500560,SKU922355,2018/5/15 9:45:47,
27500561,SKU922355,2018/5/15 9:45:47,
27500562,SKU922355,2018/5/15 9:45:47,
27500563,SKU922355,2018/5/15 9:45:47,
27500564,SKU922355,2018/5/15 9:45:47,
27500565,SKU922355,2018/5/15 9:45:47,
27500566,SKU922355,2018/5/15 9:45:47,
27500567,SKU922355,2018/5/15 9:45:47,
27500568,SKU922355,2018/5/15 9:45:47,
27500569,SKU922355,2018/5/15 9:45:47,
27500570,SKU922355,2018/5/15 9:45:47,
27500571,SKU922355,2018/5/15 9:45:47,
27500572,SKU922355,2018/5/15 9:45:47,
27500573,SKU922355,2018/5/15 9:45:47,
27500574,SKU923970,2018/5/15 9:45:47,
27500575,SKU923970,2018/5/15 9:45:47,
27500576,SKU923970,2018/5/15 9:45:47,
27500577,SKU923970,2018/5/15 9:45:47,
27500578,SKU923970,2018/5/15 9:45:47,
27500579,SKU923970,2018/5/15 9:45:47,
27500580,SKU923970,2018/5/15 9:45:47,
27500581,SKU923970,2018/5/15 9:45:47,
27500582,SKU923970,2018/5/15 9:45:47,
27500583,SKU923970,2018/5/15 9:45:47,
27500584,SKU923970,2018/5/15 9:45:47,
27500935,SKU959815,2018/5/15 9:45:47,
27500936,SKU959815,2018/5/15 9:45:47,
27500937,SKU959815,2018/5/15 9:45:47,
27500938,SKU959815,2018/5/15 9:45:47,
27500939,SKU959815,2018/5/15 9:45:47,
27500940,SKU959815,2018/5/15 9:45:47,
27500941,SKU959815,2018/5/15 9:45:47,
27500942,SKU959888,2018/5/15 9:45:47,
27500943,SKU959888,2018/5/15 9:45:47,
27500944,SKU959888,2018/5/15 9:45:47,
27500945,SKU959888,2018/5/15 9:45:47,
27500946,SKU959888,2018/5/15 9:45:47,
27500947,SKU959888,2018/5/15 9:45:47,
27500948,SKU959888,2018/5/15 9:45:47,
27500949,SKU959888,2018/5/15 9:45:47,
27500950,SKU959924,2018/5/15 9:45:47,
27500951,SKU959924,2018/5/15 9:45:47,
27500952,SKU959924,2018/5/15 9:45:47,
27500953,SKU959924,2018/5/15 9:45:47,
27500954,SKU959924,2018/5/15 9:45:47,
27500955,SKU959924,2018/5/15 9:45:47,
27500956,SKU959924,2018/5/15 9:45:47,
27500957,SKU959924,2018/5/15 9:45:47,
27500958,SKU959924,2018/5/15 9:45:47,
28000028,SKU901292,2018/5/31 15:01:31,
28000029,SKU901292,2018/5/31 15:01:31,
28000030,SKU901292,2018/5/31 15:01:31,
28000031,SKU901292,2018/5/31 15:01:31,
28000032,SKU901292,2018/5/31 15:01:31,
28000033,SKU901292,2018/5/31 15:01:31,
28000034,SKU901292,2018/5/31 15:01:31,
28000035,SKU901292,2018/5/31 15:01:31,
28000055,SKU903081,2018/5/31 15:01:31,
28000056,SKU903081,2018/5/31 15:01:31,
28000057,SKU903081,2018/5/31 15:01:31,
28000058,SKU903081,2018/5/31 15:01:31,
28000059,SKU903081,2018/5/31 15:01:31,
28000060,SKU903081,2018/5/31 15:01:31,
28000061,SKU903081,2018/5/31 15:01:31,
28000062,SKU903081,2018/5/31 15:01:31,
28000063,SKU903081,2018/5/31 15:01:31,
28000064,SKU903081,2018/5/31 15:01:31,
28000065,SKU903081,2018/5/31 15:01:31,
28000066,SKU903081,2018/5/31 15:01:31,
28000067,SKU903081,2018/5/31 15:01:31,
28000068,SKU903081,2018/5/31 15:01:31,
28000069,SKU903081,2018/5/31 15:01:31,
28000070,SKU903081,2018/5/31 15:01:31,
28000071,SKU903081,2018/5/31 15:01:31,
28000072,SKU903081,2018/5/31 15:01:31,
28000073,SKU903081,2018/5/31 15:01:31,
28000074,SKU903081,2018/5/31 15:01:31,
28000121,SKU907985,2018/5/31 15:01:31,
28000122,SKU907985,2018/5/31 15:01:31,
28000123,SKU907985,2018/5/31 15:01:31,
28000124,SKU907985,2018/5/31 15:01:31,
28000125,SKU907985,2018/5/31 15:01:31,
28000126,SKU907985,2018/5/31 15:01:31,
28000127,SKU907985,2018/5/31 15:01:31,
28000128,SKU907985,2018/5/31 15:01:31,
28000129,SKU907985,2018/5/31 15:01:31,
28000130,SKU907985,2018/5/31 15:01:31,
28000131,SKU907985,2018/5/31 15:01:31,
28000132,SKU907985,2018/5/31 15:01:31,
28000135,SKU908958,2018/5/31 15:01:31,
28000136,SKU908958,2018/5/31 15:01:31,
28000137,SKU908958,2018/5/31 15:01:31,
28000138,SKU908958,2018/5/31 15:01:31,
28000139,SKU908958,2018/5/31 15:01:31,
28000140,SKU908958,2018/5/31 15:01:31,
28000141,SKU908958,2018/5/31 15:01:31,
28000142,SKU908958,2018/5/31 15:01:31,
28000143,SKU908958,2018/5/31 15:01:31,
28000144,SKU908958,2018/5/31 15:01:31,
28000145,SKU908958,2018/5/31 15:01:31,
28000146,SKU908958,2018/5/31 15:01:31,
28000147,SKU908958,2018/5/31 15:01:31,
28000148,SKU908958,2018/5/31 15:01:31,
28000149,SKU908958,2018/5/31 15:01:31,
28000150,SKU908958,2018/5/31 15:01:31,
28000151,SKU908958,2018/5/31 15:01:31,
28000152,SKU908958,2018/5/31 15:01:31,
28000153,SKU908958,2018/5/31 15:01:31,
28000154,SKU908958,2018/5/31 15:01:31,
28000155,SKU908958,2018/5/31 15:01:31,
28000156,SKU908958,2018/5/31 15:01:31,
28000157,SKU908958,2018/5/31 15:01:31,
28000158,SKU908958,2018/5/31 15:01:31,
28000159,SKU908958,2018/5/31 15:01:31,
28000160,SKU908958,2018/5/31 15:01:31,
28000161,SKU908958,2018/5/31 15:01:31,
28000162,SKU908958,2018/5/31 15:01:31,
28000163,SKU908958,2018/5/31 15:01:31,
28000164,SKU908958,2018/5/31 15:01:31,
28000165,SKU913906,2018/5/31 15:01:31,
28000188,SKU917167,2018/5/31 15:01:31,
28000189,SKU917167,2018/5/31 15:01:31,
28000190,SKU917167,2018/5/31 15:01:31,
28000191,SKU917167,2018/5/31 15:01:31,
28000192,SKU917167,2018/5/31 15:01:31,
28000193,SKU917167,2018/5/31 15:01:31,
28000194,SKU917167,2018/5/31 15:01:31,
28000231,SKU922388,2018/5/31 15:01:31,
28000232,SKU922388,2018/5/31 15:01:31,
28000233,SKU922388,2018/5/31 15:01:31,
28000234,SKU922388,2018/5/31 15:01:31,
28000235,SKU922388,2018/5/31 15:01:31,
28000236,SKU922388,2018/5/31 15:01:31,
28000237,SKU922388,2018/5/31 15:01:31,
28000238,SKU922388,2018/5/31 15:01:31,
28000239,SKU922388,2018/5/31 15:01:31,
28000240,SKU922388,2018/5/31 15:01:31,
28000241,SKU922388,2018/5/31 15:01:31,
28000242,SKU922388,2018/5/31 15:01:31,
28000243,SKU922388,2018/5/31 15:01:31,
28000244,SKU922388,2018/5/31 15:01:31,
28000245,SKU922388,2018/5/31 15:01:31,
28000246,SKU922589,2018/5/31 15:01:31,
28000247,SKU922589,2018/5/31 15:01:31,
28000248,SKU922589,2018/5/31 15:01:31,
28000249,SKU922589,2018/5/31 15:01:31,
28000250,SKU922589,2018/5/31 15:01:31,
28000251,SKU922589,2018/5/31 15:01:31,
28000252,SKU922589,2018/5/31 15:01:31,
28000256,SKU925797,2018/5/31 15:01:31,
28000257,SKU925797,2018/5/31 15:01:31,
28000258,SKU925797,2018/5/31 15:01:31,
28000347,SKU929237,2018/5/31 15:01:31,
28000348,SKU929237,2018/5/31 15:01:31,
28000349,SKU929237,2018/5/31 15:01:31,
28000350,SKU929237,2018/5/31 15:01:31,
28000351,SKU929237,2018/5/31 15:01:31,
28000352,SKU929237,2018/5/31 15:01:31,
28000353,SKU929237,2018/5/31 15:01:31,
28000354,SKU929237,2018/5/31 15:01:31,
28000355,SKU929237,2018/5/31 15:01:31,
28000356,SKU929237,2018/5/31 15:01:31,
28000357,SKU929237,2018/5/31 15:01:31,
28000358,SKU929237,2018/5/31 15:01:31,
28000359,SKU929237,2018/5/31 15:01:31,
28000360,SKU929237,2018/5/31 15:01:31,
28000361,SKU929237,2018/5/31 15:01:31,
28000362,SKU929237,2018/5/31 15:01:31,
28000363,SKU929237,2018/5/31 15:01:31,
28000364,SKU929372,2018/5/31 15:01:31,
28000365,SKU929372,2018/5/31 15:01:31,
28000366,SKU929372,2018/5/31 15:01:31,
28000367,SKU929372,2018/5/31 15:01:31,
28000368,SKU929372,2018/5/31 15:01:31,
28000369,SKU929372,2018/5/31 15:01:31,
28000370,SKU929372,2018/5/31 15:01:31,
28000371,SKU929372,2018/5/31 15:01:31,
28000372,SKU929372,2018/5/31 15:01:31,
28000373,SKU929372,2018/5/31 15:01:31,
28000374,SKU929372,2018/5/31 15:01:31,
28000375,SKU929372,2018/5/31 15:01:31,
28000376,SKU929372,2018/5/31 15:01:31,
28000377,SKU929372,2018/5/31 15:01:31,
28000378,SKU929372,2018/5/31 15:01:31,
28000379,SKU929372,2018/5/31 15:01:31,
28000380,SKU929372,2018/5/31 15:01:31,
28000381,SKU929372,2018/5/31 15:01:31,
28000382,SKU929372,2018/5/31 15:01:31,
28000383,SKU929709,2018/5/31 15:01:31,
28000384,SKU929709,2018/5/31 15:01:31,
28000385,SKU929709,2018/5/31 15:01:31,
28000386,SKU929709,2018/5/31 15:01:31,
28000387,SKU929709,2018/5/31 15:01:31,
28000388,SKU929709,2018/5/31 15:01:31,
28000389,SKU929709,2018/5/31 15:01:31,
28000390,SKU929709,2018/5/31 15:01:31,
28000391,SKU929709,2018/5/31 15:01:31,
28000392,SKU929709,2018/5/31 15:01:31,
28000393,SKU929709,2018/5/31 15:01:31,
28000394,SKU929709,2018/5/31 15:01:31,
28000395,SKU929709,2018/5/31 15:01:31,
28000396,SKU929709,2018/5/31 15:01:31,
28000397,SKU929709,2018/5/31 15:01:31,
28000398,SKU929709,2018/5/31 15:01:31,
28000404,SKU930348,2018/5/31 15:01:31,
28000405,SKU930348,2018/5/31 15:01:31,
28000406,SKU930348,2018/5/31 15:01:31,
28000407,SKU930348,2018/5/31 15:01:31,
28000408,SKU930348,2018/5/31 15:01:31,
28000409,SKU930348,2018/5/31 15:01:31,
28000410,SKU930348,2018/5/31 15:01:31,
28000487,SKU936169,2018/5/31 15:01:31,
28000488,SKU936169,2018/5/31 15:01:31,
28000489,SKU936169,2018/5/31 15:01:31,
28000490,SKU936169,2018/5/31 15:01:31,
28000491,SKU936169,2018/5/31 15:01:31,
28000492,SKU936169,2018/5/31 15:01:31,
28000493,SKU936169,2018/5/31 15:01:31,
28000494,SKU936169,2018/5/31 15:01:31,
28000495,SKU936169,2018/5/31 15:01:31,
28000496,SKU936169,2018/5/31 15:01:31,
28000497,SKU936169,2018/5/31 15:01:31,
28000498,SKU936169,2018/5/31 15:01:31,
28000499,SKU936169,2018/5/31 15:01:31,
28000500,SKU936169,2018/5/31 15:01:31,
28000501,SKU936169,2018/5/31 15:01:31,
28000502,SKU936169,2018/5/31 15:01:31,
28000503,SKU936169,2018/5/31 15:01:31,
28000504,SKU936169,2018/5/31 15:01:31,
28000505,SKU936169,2018/5/31 15:01:31,
28000506,SKU936169,2018/5/31 15:01:31,
28000507,SKU936169,2018/5/31 15:01:31,
28000508,SKU936169,2018/5/31 15:01:31,
28000509,SKU936169,2018/5/31 15:01:31,
28000510,SKU936169,2018/5/31 15:01:31,
28000511,SKU936169,2018/5/31 15:01:31,
28000512,SKU936169,2018/5/31 15:01:31,
28000513,SKU936169,2018/5/31 15:01:31,
28000514,SKU936169,2018/5/31 15:01:31,
28000515,SKU938316,2018/5/31 15:01:31,
28000516,SKU938387,2018/5/31 15:01:31,
28000517,SKU938387,2018/5/31 15:01:31,
28000518,SKU938387,2018/5/31 15:01:31,
28000519,SKU938387,2018/5/31 15:01:31,
28000520,SKU938387,2018/5/31 15:01:31,
28000521,SKU938387,2018/5/31 15:01:31,
28000547,SKU940046,2018/5/31 15:01:31,
28000548,SKU940046,2018/5/31 15:01:31,
28000549,SKU940046,2018/5/31 15:01:31,
28000550,SKU940046,2018/5/31 15:01:31,
28000551,SKU940046,2018/5/31 15:01:31,
28000552,SKU940046,2018/5/31 15:01:31,
28000553,SKU940046,2018/5/31 15:01:31,
28000554,SKU940046,2018/5/31 15:01:31,
28000555,SKU940046,2018/5/31 15:01:31,
28000556,SKU940046,2018/5/31 15:01:31,
28000557,SKU940123,2018/5/31 15:01:31,
28000558,SKU940123,2018/5/31 15:01:31,
28000559,SKU940123,2018/5/31 15:01:31,
28000560,SKU940123,2018/5/31 15:01:31,
28000561,SKU940123,2018/5/31 15:01:31,
28000565,SKU940745,2018/5/31 15:01:31,
28000566,SKU940745,2018/5/31 15:01:31,
28000567,SKU940745,2018/5/31 15:01:31,
28000568,SKU940745,2018/5/31 15:01:31,
28000569,SKU940745,2018/5/31 15:01:31,
28000570,SKU940745,2018/5/31 15:01:31,
28000571,SKU940745,2018/5/31 15:01:31,
28000572,SKU940745,2018/5/31 15:01:31,
28000573,SKU940745,2018/5/31 15:01:31,
28000574,SKU940745,2018/5/31 15:01:31,
28000575,SKU940745,2018/5/31 15:01:31,
28000576,SKU940745,2018/5/31 15:01:31,
28000577,SKU940745,2018/5/31 15:01:31,
28000578,SKU940745,2018/5/31 15:01:31,
28000579,SKU940745,2018/5/31 15:01:31,
28000580,SKU940860,2018/5/31 15:01:31,
28000581,SKU940860,2018/5/31 15:01:31,
28000582,SKU940860,2018/5/31 15:01:31,
28000583,SKU940860,2018/5/31 15:01:31,
28000584,SKU940860,2018/5/31 15:01:31,
28000585,SKU940860,2018/5/31 15:01:31,
28000586,SKU940860,2018/5/31 15:01:31,
28000587,SKU940860,2018/5/31 15:01:31,
28000588,SKU940860,2018/5/31 15:01:31,
28000589,SKU940860,2018/5/31 15:01:31,
28000594,SKU942228,2018/5/31 15:01:31,
28000595,SKU942228,2018/5/31 15:01:31,
28000596,SKU942228,2018/5/31 15:01:31,
28000597,SKU942228,2018/5/31 15:01:31,
28000598,SKU942228,2018/5/31 15:01:31,
28000599,SKU942228,2018/5/31 15:01:31,
28000600,SKU942579,2018/5/31 15:01:31,
28000601,SKU942579,2018/5/31 15:01:31,
28000602,SKU942579,2018/5/31 15:01:31,
28000603,SKU942579,2018/5/31 15:01:31,
28000604,SKU942579,2018/5/31 15:01:31,
28000605,SKU942579,2018/5/31 15:01:31,
28000606,SKU942579,2018/5/31 15:01:31,
28000607,SKU942579,2018/5/31 15:01:31,
28000608,SKU942579,2018/5/31 15:01:31,
28000609,SKU942579,2018/5/31 15:01:31,
28000610,SKU942579,2018/5/31 15:01:31,
28000611,SKU942579,2018/5/31 15:01:31,
28000612,SKU942579,2018/5/31 15:01:31,
28000613,SKU942579,2018/5/31 15:01:31,
28000614,SKU943043,2018/5/31 15:01:31,
28000615,SKU943043,2018/5/31 15:01:31,
28000616,SKU943043,2018/5/31 15:01:31,
28000617,SKU943043,2018/5/31 15:01:31,
28000618,SKU943043,2018/5/31 15:01:31,
28000619,SKU943043,2018/5/31 15:01:31,
28000620,SKU943043,2018/5/31 15:01:31,
28000621,SKU943043,2018/5/31 15:01:31,
28000622,SKU943043,2018/5/31 15:01:31,
28000623,SKU943043,2018/5/31 15:01:31,
28000624,SKU943043,2018/5/31 15:01:31,
28000625,SKU943043,2018/5/31 15:01:31,
28000626,SKU943043,2018/5/31 15:01:31,
28000627,SKU943043,2018/5/31 15:01:31,
28000628,SKU943043,2018/5/31 15:01:31,
28000629,SKU943043,2018/5/31 15:01:31,
28000630,SKU943043,2018/5/31 15:01:31,
28000631,SKU943043,2018/5/31 15:01:31,
28000632,SKU943043,2018/5/31 15:01:31,
28000633,SKU943043,2018/5/31 15:01:31,
28000634,SKU943043,2018/5/31 15:01:31,
28000635,SKU943043,2018/5/31 15:01:31,
28000636,SKU943043,2018/5/31 15:01:31,
28000637,SKU943043,2018/5/31 15:01:31,
28000638,SKU943043,2018/5/31 15:01:31,
28000639,SKU943043,2018/5/31 15:01:31,
28000640,SKU943043,2018/5/31 15:01:31,
28000641,SKU943043,2018/5/31 15:01:31,
28000642,SKU943043,2018/5/31 15:01:31,
28000643,SKU943043,2018/5/31 15:01:31,
28000644,SKU943043,2018/5/31 15:01:31,
28000645,SKU943043,2018/5/31 15:01:31,
28000646,SKU943043,2018/5/31 15:01:31,
28000647,SKU943043,2018/5/31 15:01:31,
28000648,SKU943043,2018/5/31 15:01:31,
28000649,SKU943043,2018/5/31 15:01:31,
28000650,SKU943043,2018/5/31 15:01:31,
28000651,SKU943043,2018/5/31 15:01:31,
28000652,SKU943043,2018/5/31 15:01:31,
28000653,SKU943043,2018/5/31 15:01:31,
28000654,SKU943043,2018/5/31 15:01:31,
28000655,SKU943043,2018/5/31 15:01:31,
28000656,SKU943043,2018/5/31 15:01:31,
28000657,SKU943043,2018/5/31 15:01:31,
28000658,SKU943043,2018/5/31 15:01:31,
28000659,SKU943043,2018/5/31 15:01:31,
28000660,SKU943043,2018/5/31 15:01:31,
28000661,SKU943043,2018/5/31 15:01:31,
28000662,SKU943043,2018/5/31 15:01:31,
28000663,SKU943043,2018/5/31 15:01:31,
28000664,SKU943043,2018/5/31 15:01:31,
28000665,SKU943043,2018/5/31 15:01:31,
28000666,SKU943043,2018/5/31 15:01:31,
28000667,SKU943043,2018/5/31 15:01:31,
28000668,SKU943043,2018/5/31 15:01:31,
28000669,SKU943043,2018/5/31 15:01:31,
28000670,SKU943043,2018/5/31 15:01:31,
28000671,SKU943043,2018/5/31 15:01:31,
28000672,SKU943295,2018/5/31 15:01:31,
28000673,SKU943295,2018/5/31 15:01:31,
28000674,SKU943295,2018/5/31 15:01:31,
28000675,SKU943295,2018/5/31 15:01:31,
28000676,SKU943295,2018/5/31 15:01:31,
28000677,SKU943295,2018/5/31 15:01:31,
28000678,SKU943295,2018/5/31 15:01:31,
28000679,SKU943295,2018/5/31 15:01:31,
28000682,SKU946017,2018/5/31 15:01:31,
28000683,SKU946017,2018/5/31 15:01:31,
28000684,SKU946017,2018/5/31 15:01:31,
28000685,SKU946017,2018/5/31 15:01:31,
28000686,SKU946017,2018/5/31 15:01:31,
28000687,SKU946017,2018/5/31 15:01:31,
28000688,SKU946087,2018/5/31 15:01:31,
28000689,SKU946087,2018/5/31 15:01:31,
28000690,SKU946087,2018/5/31 15:01:31,
28000691,SKU946087,2018/5/31 15:01:31,
28000692,SKU946087,2018/5/31 15:01:31,
28000693,SKU946087,2018/5/31 15:01:31,
28000694,SKU946087,2018/5/31 15:01:31,
28000695,SKU946087,2018/5/31 15:01:31,
28000696,SKU946087,2018/5/31 15:01:31,
28000697,SKU946087,2018/5/31 15:01:31,
28000698,SKU946219,2018/5/31 15:01:31,
28000699,SKU946219,2018/5/31 15:01:31,
28000700,SKU946219,2018/5/31 15:01:31,
28000701,SKU946219,2018/5/31 15:01:31,
28000702,SKU946219,2018/5/31 15:01:31,
28000703,SKU946219,2018/5/31 15:01:31,
28000704,SKU946219,2018/5/31 15:01:31,
28000705,SKU946473,2018/5/31 15:01:31,
28000706,SKU946473,2018/5/31 15:01:31,
28000707,SKU946473,2018/5/31 15:01:31,
28000708,SKU946473,2018/5/31 15:01:31,
28000709,SKU946473,2018/5/31 15:01:31,
28000710,SKU946473,2018/5/31 15:01:31,
28000711,SKU946473,2018/5/31 15:01:31,
28000712,SKU946473,2018/5/31 15:01:31,
28000713,SKU946473,2018/5/31 15:01:31,
28000822,SKU948351,2018/5/31 15:01:31,
28000823,SKU948351,2018/5/31 15:01:31,
28000824,SKU948351,2018/5/31 15:01:31,
28000825,SKU948351,2018/5/31 15:01:31,
28000826,SKU948351,2018/5/31 15:01:31,
28000827,SKU948351,2018/5/31 15:01:31,
28000828,SKU948351,2018/5/31 15:01:31,
28000829,SKU948351,2018/5/31 15:01:31,
28000830,SKU948351,2018/5/31 15:01:31,
28000831,SKU948351,2018/5/31 15:01:31,
28000832,SKU948351,2018/5/31 15:01:31,
28000833,SKU948351,2018/5/31 15:01:31,
28000834,SKU948351,2018/5/31 15:01:31,
28000835,SKU948351,2018/5/31 15:01:31,
28000926,SKU954626,2018/5/31 15:01:31,
